Email,IdJugador1,IdJugador2,Fecha
asutliff9@eepurl.com,18,29,2000-11-20 18:27:44
cmulkerrinsc@blink.com,18,26,2006-05-27 07:43:18
asutliff9@eepurl.com,25,18,2010-03-26 09:42:50
hspawforthf@wsj.com,12,18,2004-04-18 13:46:23
torrb@example.com,25,13,2020-07-09 18:15:43
vforesa@washingto.com,25,12,2013-07-07 20:12:39
dlilesh@google.nl,29,20,2001-09-07 05:32:39
mgriffoenr@scienced.com,25,20,2011-12-31 02:13:39
dtreng@fastcompany.com,29,19,2010-05-31 17:45:26
dlilesh@google.nl,25,29,2002-05-05 19:35:53
dlilesh@google.nl,20,13,2022-03-18 11:50:20
chazleton6@cdbaby.com,12,20,2007-04-12 10:02:43
chazleton6@cdbaby.com,20,20,2009-11-14 04:17:38
asehorschj@friendly.com,19,19,2010-05-22 21:46:03
awoodburnem@phpbb.com,25,13,2014-04-05 23:07:51
asehorschj@friendly.com,13,11,2015-12-11 18:29:54
rolunneyl@oakley.com,20,13,2004-12-02 05:05:05
lblinte@a8.net,12,18,2008-10-09 23:47:44
singlesent5@yellow.com,13,19,2010-03-24 05:51:44
asutliff9@eepurl.com,26,26,2001-08-03 18:48:08
bsealsd@a8.net,20,18,2021-07-31 05:40:35
cmulkerrinsc@blink.com,12,19,2006-05-20 16:44:07
bbunclarkk@army.mil,11,29,2022-05-16 17:42:33
awoodburnem@phpbb.com,18,12,2004-07-04 13:27:45
lblinte@a8.net,25,20,2011-10-16 20:45:53
ljerrans2@buzzfeed.com,20,13,2015-03-28 23:54:13
ghawkshaw0@upenn.edu,13,20,2001-03-09 18:09:18
mgriffoenr@scienced.com,19,11,2008-01-07 19:01:48
chazleton6@cdbaby.com,29,25,2002-02-09 06:34:02
asehorschj@friendly.com,13,26,2001-04-16 06:40:13
